"w";"w";"w";"w";"w";"w";"w";"w";"w";"w";"w";"w";"w";"w";"w";"w";"w";"w";"w";"w";"w";"Voltage";"Y"
-13;-12;116;98;75;8;125;-57;120;-37;83;85;-63;93;95;16;76;49;15;90;-45;-115;-31;48;1;0
-13;-12;116;98;75;8;125;-57;120;-37;83;85;-63;93;95;16;76;49;15;90;-45;-115;-31;48;0.98;0
-13;-12;116;98;75;8;125;-57;120;-37;83;85;-63;93;95;16;76;49;15;90;-45;-115;-31;48;0.96;0
-13;-12;116;98;75;8;125;-57;120;-37;83;85;-63;93;95;16;76;49;15;90;-45;-115;-31;48;0.94;8.97711996500096E-06
-13;-12;116;98;75;8;125;-57;120;-37;83;85;-63;93;95;16;76;49;15;90;-45;-115;-31;48;0.92;8.96382593061308E-06
-13;-12;116;98;75;8;125;-57;120;-37;83;85;-63;93;95;16;76;49;15;90;-45;-115;-31;48;0.9;0.002296320908582
-13;-12;116;98;75;8;125;-57;120;-37;83;85;-63;93;95;16;76;49;15;90;-45;-115;-31;48;0.88;0.0386007862435
-13;-12;116;98;75;8;125;-57;120;-37;83;85;-63;93;95;16;76;49;15;90;-45;-115;-31;48;0.86;0.04776044725821
-13;-12;116;98;75;8;125;-57;120;-37;83;85;-63;93;95;16;76;49;15;90;-45;-115;-31;48;0.84;0.104288630841075
-13;-12;116;98;75;8;125;-57;120;-37;83;85;-63;93;95;16;76;49;15;90;-45;-115;-31;48;0.82;0.041104916738603
-13;-12;116;98;75;8;125;-57;120;-37;83;85;-63;93;95;16;76;49;15;90;-45;-115;-31;48;0.8;0.038882132458614
-13;-12;116;98;75;8;125;-57;120;-37;83;85;-63;93;95;16;76;49;15;90;-45;-115;-31;48;0.78;0.145615330267788
-13;-12;116;98;75;8;125;-57;120;-37;83;85;-63;93;95;16;76;49;15;90;-45;-115;-31;48;0.76;0.235043975912271
-13;-12;116;98;75;8;125;-57;120;-37;83;85;-63;93;95;16;76;49;15;90;-45;-115;-31;48;0.74;0.290683004332954
-13;-12;116;98;75;8;125;-57;120;-37;83;85;-63;93;95;16;76;49;15;90;-45;-115;-31;48;0.72;0.436693953450215
-13;-12;116;98;75;8;125;-57;120;-37;83;85;-63;93;95;16;76;49;15;90;-45;-115;-31;48;0.7;1
-120;114;-43;-115;2;90;4;-115;-17;73;-17;54;-71;-25;-110;-57;-84;69;-82;-51;-121;26;55;83;1;0
-120;114;-43;-115;2;90;4;-115;-17;73;-17;54;-71;-25;-110;-57;-84;69;-82;-51;-121;26;55;83;0.98;6.03425723176613E-06
-120;114;-43;-115;2;90;4;-115;-17;73;-17;54;-71;-25;-110;-57;-84;69;-82;-51;-121;26;55;83;0.96;6.03425723176613E-06
-120;114;-43;-115;2;90;4;-115;-17;73;-17;54;-71;-25;-110;-57;-84;69;-82;-51;-121;26;55;83;0.94;1.20685144635323E-05
-120;114;-43;-115;2;90;4;-115;-17;73;-17;54;-71;-25;-110;-57;-84;69;-82;-51;-121;26;55;83;0.92;0.001570415444567
-120;114;-43;-115;2;90;4;-115;-17;73;-17;54;-71;-25;-110;-57;-84;69;-82;-51;-121;26;55;83;0.9;0.002195338209132
-120;114;-43;-115;2;90;4;-115;-17;73;-17;54;-71;-25;-110;-57;-84;69;-82;-51;-121;26;55;83;0.88;0.006587169621944
-120;114;-43;-115;2;90;4;-115;-17;73;-17;54;-71;-25;-110;-57;-84;69;-82;-51;-121;26;55;83;0.86;0.00873346181258
-120;114;-43;-115;2;90;4;-115;-17;73;-17;54;-71;-25;-110;-57;-84;69;-82;-51;-121;26;55;83;0.84;0.023269999269563
-120;114;-43;-115;2;90;4;-115;-17;73;-17;54;-71;-25;-110;-57;-84;69;-82;-51;-121;26;55;83;0.82;0.045378854823455
-120;114;-43;-115;2;90;4;-115;-17;73;-17;54;-71;-25;-110;-57;-84;69;-82;-51;-121;26;55;83;0.8;0.08857605716559
-120;114;-43;-115;2;90;4;-115;-17;73;-17;54;-71;-25;-110;-57;-84;69;-82;-51;-121;26;55;83;0.78;0.177761410877649
-120;114;-43;-115;2;90;4;-115;-17;73;-17;54;-71;-25;-110;-57;-84;69;-82;-51;-121;26;55;83;0.76;0.30072898488259
-120;114;-43;-115;2;90;4;-115;-17;73;-17;54;-71;-25;-110;-57;-84;69;-82;-51;-121;26;55;83;0.74;0.420056366930679
-120;114;-43;-115;2;90;4;-115;-17;73;-17;54;-71;-25;-110;-57;-84;69;-82;-51;-121;26;55;83;0.72;0.672038452365999
-120;114;-43;-115;2;90;4;-115;-17;73;-17;54;-71;-25;-110;-57;-84;69;-82;-51;-121;26;55;83;0.7;1
-25;98;-93;123;62;-125;-90;-70;-128;-90;118;102;101;57;49;48;-28;-107;-92;115;7;-127;104;-91;1;1.42983188306272E-11
-25;98;-93;123;62;-125;-90;-70;-128;-90;118;102;101;57;49;48;-28;-107;-92;115;7;-127;104;-91;0.98;4.25289786737662E-05
-25;98;-93;123;62;-125;-90;-70;-128;-90;118;102;101;57;49;48;-28;-107;-92;115;7;-127;104;-91;0.96;4.25289865977451E-05
-25;98;-93;123;62;-125;-90;-70;-128;-90;118;102;101;57;49;48;-28;-107;-92;115;7;-127;104;-91;0.94;0.002719271338383
-25;98;-93;123;62;-125;-90;-70;-128;-90;118;102;101;57;49;48;-28;-107;-92;115;7;-127;104;-91;0.92;0.004529297408867
-25;98;-93;123;62;-125;-90;-70;-128;-90;118;102;101;57;49;48;-28;-107;-92;115;7;-127;104;-91;0.9;0.000653938693288
-25;98;-93;123;62;-125;-90;-70;-128;-90;118;102;101;57;49;48;-28;-107;-92;115;7;-127;104;-91;0.88;0.018461513149112
-25;98;-93;123;62;-125;-90;-70;-128;-90;118;102;101;57;49;48;-28;-107;-92;115;7;-127;104;-91;0.86;0.03629523600415
-25;98;-93;123;62;-125;-90;-70;-128;-90;118;102;101;57;49;48;-28;-107;-92;115;7;-127;104;-91;0.84;0.055110923940149
-25;98;-93;123;62;-125;-90;-70;-128;-90;118;102;101;57;49;48;-28;-107;-92;115;7;-127;104;-91;0.82;0.079604263873126
-25;98;-93;123;62;-125;-90;-70;-128;-90;118;102;101;57;49;48;-28;-107;-92;115;7;-127;104;-91;0.8;0.12215419196106
-25;98;-93;123;62;-125;-90;-70;-128;-90;118;102;101;57;49;48;-28;-107;-92;115;7;-127;104;-91;0.78;0.197208990113805
-25;98;-93;123;62;-125;-90;-70;-128;-90;118;102;101;57;49;48;-28;-107;-92;115;7;-127;104;-91;0.76;0.2960966255718
-25;98;-93;123;62;-125;-90;-70;-128;-90;118;102;101;57;49;48;-28;-107;-92;115;7;-127;104;-91;0.74;0.378125846758199
-25;98;-93;123;62;-125;-90;-70;-128;-90;118;102;101;57;49;48;-28;-107;-92;115;7;-127;104;-91;0.72;0.66596102382356
-25;98;-93;123;62;-125;-90;-70;-128;-90;118;102;101;57;49;48;-28;-107;-92;115;7;-127;104;-91;0.7;1
97;-101;-2;-92;110;15;96;-30;106;-122;-86;52;2;-99;107;-68;88;67;12;-54;52;-115;71;-71;1;0
97;-101;-2;-92;110;15;96;-30;106;-122;-86;52;2;-99;107;-68;88;67;12;-54;52;-115;71;-71;0.98;0.006111163764618
97;-101;-2;-92;110;15;96;-30;106;-122;-86;52;2;-99;107;-68;88;67;12;-54;52;-115;71;-71;0.96;0.02011004059733
97;-101;-2;-92;110;15;96;-30;106;-122;-86;52;2;-99;107;-68;88;67;12;-54;52;-115;71;-71;0.94;0.031033745539241
97;-101;-2;-92;110;15;96;-30;106;-122;-86;52;2;-99;107;-68;88;67;12;-54;52;-115;71;-71;0.92;0.052172335409967
97;-101;-2;-92;110;15;96;-30;106;-122;-86;52;2;-99;107;-68;88;67;12;-54;52;-115;71;-71;0.9;0.091600935725537
97;-101;-2;-92;110;15;96;-30;106;-122;-86;52;2;-99;107;-68;88;67;12;-54;52;-115;71;-71;0.88;0.10957196353707
97;-101;-2;-92;110;15;96;-30;106;-122;-86;52;2;-99;107;-68;88;67;12;-54;52;-115;71;-71;0.86;0.176999098647083
97;-101;-2;-92;110;15;96;-30;106;-122;-86;52;2;-99;107;-68;88;67;12;-54;52;-115;71;-71;0.84;0.228242348410139
97;-101;-2;-92;110;15;96;-30;106;-122;-86;52;2;-99;107;-68;88;67;12;-54;52;-115;71;-71;0.82;0.24326824363376
97;-101;-2;-92;110;15;96;-30;106;-122;-86;52;2;-99;107;-68;88;67;12;-54;52;-115;71;-71;0.8;0.286607172426678
97;-101;-2;-92;110;15;96;-30;106;-122;-86;52;2;-99;107;-68;88;67;12;-54;52;-115;71;-71;0.78;0.330348465937484
97;-101;-2;-92;110;15;96;-30;106;-122;-86;52;2;-99;107;-68;88;67;12;-54;52;-115;71;-71;0.76;0.406385048121715
97;-101;-2;-92;110;15;96;-30;106;-122;-86;52;2;-99;107;-68;88;67;12;-54;52;-115;71;-71;0.74;0.518215512562349
97;-101;-2;-92;110;15;96;-30;106;-122;-86;52;2;-99;107;-68;88;67;12;-54;52;-115;71;-71;0.72;0.70012077229483
97;-101;-2;-92;110;15;96;-30;106;-122;-86;52;2;-99;107;-68;88;67;12;-54;52;-115;71;-71;0.7;1
104;-109;-121;57;-33;112;-51;113;-62;-56;49;-13;-123;45;123;-111;-103;-110;-11;-60;-112;58;-101;65;1;0
104;-109;-121;57;-33;112;-51;113;-62;-56;49;-13;-123;45;123;-111;-103;-110;-11;-60;-112;58;-101;65;0.98;0.001935823947921
104;-109;-121;57;-33;112;-51;113;-62;-56;49;-13;-123;45;123;-111;-103;-110;-11;-60;-112;58;-101;65;0.96;0.003871647895841
104;-109;-121;57;-33;112;-51;113;-62;-56;49;-13;-123;45;123;-111;-103;-110;-11;-60;-112;58;-101;65;0.94;0.007758419416332
104;-109;-121;57;-33;112;-51;113;-62;-56;49;-13;-123;45;123;-111;-103;-110;-11;-60;-112;58;-101;65;0.92;0.017449740784821
104;-109;-121;57;-33;112;-51;113;-62;-56;49;-13;-123;45;123;-111;-103;-110;-11;-60;-112;58;-101;65;0.9;0.027397304860952
104;-109;-121;57;-33;112;-51;113;-62;-56;49;-13;-123;45;123;-111;-103;-110;-11;-60;-112;58;-101;65;0.88;0.033434823020895
104;-109;-121;57;-33;112;-51;113;-62;-56;49;-13;-123;45;123;-111;-103;-110;-11;-60;-112;58;-101;65;0.86;0.043811994002242
104;-109;-121;57;-33;112;-51;113;-62;-56;49;-13;-123;45;123;-111;-103;-110;-11;-60;-112;58;-101;65;0.84;0.081578701401296
104;-109;-121;57;-33;112;-51;113;-62;-56;49;-13;-123;45;123;-111;-103;-110;-11;-60;-112;58;-101;65;0.82;0.137153114803504
104;-109;-121;57;-33;112;-51;113;-62;-56;49;-13;-123;45;123;-111;-103;-110;-11;-60;-112;58;-101;65;0.8;0.225146494280839
104;-109;-121;57;-33;112;-51;113;-62;-56;49;-13;-123;45;123;-111;-103;-110;-11;-60;-112;58;-101;65;0.78;0.31960927592186
104;-109;-121;57;-33;112;-51;113;-62;-56;49;-13;-123;45;123;-111;-103;-110;-11;-60;-112;58;-101;65;0.76;0.421628557515157
104;-109;-121;57;-33;112;-51;113;-62;-56;49;-13;-123;45;123;-111;-103;-110;-11;-60;-112;58;-101;65;0.74;0.592700725593468
104;-109;-121;57;-33;112;-51;113;-62;-56;49;-13;-123;45;123;-111;-103;-110;-11;-60;-112;58;-101;65;0.72;0.816734092700811
104;-109;-121;57;-33;112;-51;113;-62;-56;49;-13;-123;45;123;-111;-103;-110;-11;-60;-112;58;-101;65;0.7;1
40;-6;-59;61;-35;110;80;78;49;-10;109;38;-123;-32;76;-8;42;-86;-119;-5;71;-11;23;-85;1;1.25263682528705E-09
40;-6;-59;61;-35;110;80;78;49;-10;109;38;-123;-32;76;-8;42;-86;-119;-5;71;-11;23;-85;0.98;3.36473487175566E-09
40;-6;-59;61;-35;110;80;78;49;-10;109;38;-123;-32;76;-8;42;-86;-119;-5;71;-11;23;-85;0.96;0.000999876365112
40;-6;-59;61;-35;110;80;78;49;-10;109;38;-123;-32;76;-8;42;-86;-119;-5;71;-11;23;-85;0.94;0.0036574014654
40;-6;-59;61;-35;110;80;78;49;-10;109;38;-123;-32;76;-8;42;-86;-119;-5;71;-11;23;-85;0.92;0.009434173422708
40;-6;-59;61;-35;110;80;78;49;-10;109;38;-123;-32;76;-8;42;-86;-119;-5;71;-11;23;-85;0.9;0.009701877574805
40;-6;-59;61;-35;110;80;78;49;-10;109;38;-123;-32;76;-8;42;-86;-119;-5;71;-11;23;-85;0.88;0.016694151475467
40;-6;-59;61;-35;110;80;78;49;-10;109;38;-123;-32;76;-8;42;-86;-119;-5;71;-11;23;-85;0.86;0.031914947734255
40;-6;-59;61;-35;110;80;78;49;-10;109;38;-123;-32;76;-8;42;-86;-119;-5;71;-11;23;-85;0.84;0.042729463634552
40;-6;-59;61;-35;110;80;78;49;-10;109;38;-123;-32;76;-8;42;-86;-119;-5;71;-11;23;-85;0.82;0.068336291126709
40;-6;-59;61;-35;110;80;78;49;-10;109;38;-123;-32;76;-8;42;-86;-119;-5;71;-11;23;-85;0.8;0.119783713901436
40;-6;-59;61;-35;110;80;78;49;-10;109;38;-123;-32;76;-8;42;-86;-119;-5;71;-11;23;-85;0.78;0.182940816189948
40;-6;-59;61;-35;110;80;78;49;-10;109;38;-123;-32;76;-8;42;-86;-119;-5;71;-11;23;-85;0.76;0.303209566285297
40;-6;-59;61;-35;110;80;78;49;-10;109;38;-123;-32;76;-8;42;-86;-119;-5;71;-11;23;-85;0.74;0.441418333047859
40;-6;-59;61;-35;110;80;78;49;-10;109;38;-123;-32;76;-8;42;-86;-119;-5;71;-11;23;-85;0.72;0.676647034653856
40;-6;-59;61;-35;110;80;78;49;-10;109;38;-123;-32;76;-8;42;-86;-119;-5;71;-11;23;-85;0.7;1
121;-112;10;-125;-104;56;127;6;90;-29;-23;54;123;-108;67;95;-56;-78;-113;54;-125;9;115;-38;1;0
121;-112;10;-125;-104;56;127;6;90;-29;-23;54;123;-108;67;95;-56;-78;-113;54;-125;9;115;-38;0.98;0
121;-112;10;-125;-104;56;127;6;90;-29;-23;54;123;-108;67;95;-56;-78;-113;54;-125;9;115;-38;0.96;0.001617799771232
121;-112;10;-125;-104;56;127;6;90;-29;-23;54;123;-108;67;95;-56;-78;-113;54;-125;9;115;-38;0.94;0.000647119908493
121;-112;10;-125;-104;56;127;6;90;-29;-23;54;123;-108;67;95;-56;-78;-113;54;-125;9;115;-38;0.92;0.002345809668286
121;-112;10;-125;-104;56;127;6;90;-29;-23;54;123;-108;67;95;-56;-78;-113;54;-125;9;115;-38;0.9;0.003640365461789
121;-112;10;-125;-104;56;127;6;90;-29;-23;54;123;-108;67;95;-56;-78;-113;54;-125;9;115;-38;0.88;0.008615415734844
121;-112;10;-125;-104;56;127;6;90;-29;-23;54;123;-108;67;95;-56;-78;-113;54;-125;9;115;-38;0.86;0.016565630781783
121;-112;10;-125;-104;56;127;6;90;-29;-23;54;123;-108;67;95;-56;-78;-113;54;-125;9;115;-38;0.84;0.02621779710492
121;-112;10;-125;-104;56;127;6;90;-29;-23;54;123;-108;67;95;-56;-78;-113;54;-125;9;115;-38;0.82;0.061666322626985
121;-112;10;-125;-104;56;127;6;90;-29;-23;54;123;-108;67;95;-56;-78;-113;54;-125;9;115;-38;0.8;0.09818269182478
121;-112;10;-125;-104;56;127;6;90;-29;-23;54;123;-108;67;95;-56;-78;-113;54;-125;9;115;-38;0.78;0.151179925781001
121;-112;10;-125;-104;56;127;6;90;-29;-23;54;123;-108;67;95;-56;-78;-113;54;-125;9;115;-38;0.76;0.204745133317471
121;-112;10;-125;-104;56;127;6;90;-29;-23;54;123;-108;67;95;-56;-78;-113;54;-125;9;115;-38;0.74;0.33964552538742
121;-112;10;-125;-104;56;127;6;90;-29;-23;54;123;-108;67;95;-56;-78;-113;54;-125;9;115;-38;0.72;0.577552920432589
121;-112;10;-125;-104;56;127;6;90;-29;-23;54;123;-108;67;95;-56;-78;-113;54;-125;9;115;-38;0.7;1
-39;73;-30;-26;115;-91;-41;-70;41;-84;-21;-88;84;-49;115;0;-117;-98;89;114;59;13;-85;-105;1;0
-39;73;-30;-26;115;-91;-41;-70;41;-84;-21;-88;84;-49;115;0;-117;-98;89;114;59;13;-85;-105;0.98;0.001652594353575
-39;73;-30;-26;115;-91;-41;-70;41;-84;-21;-88;84;-49;115;0;-117;-98;89;114;59;13;-85;-105;0.96;0.005094242347064
-39;73;-30;-26;115;-91;-41;-70;41;-84;-21;-88;84;-49;115;0;-117;-98;89;114;59;13;-85;-105;0.94;0.012792274307514
-39;73;-30;-26;115;-91;-41;-70;41;-84;-21;-88;84;-49;115;0;-117;-98;89;114;59;13;-85;-105;0.92;0.024984783413127
-39;73;-30;-26;115;-91;-41;-70;41;-84;-21;-88;84;-49;115;0;-117;-98;89;114;59;13;-85;-105;0.9;0.047103461159198
-39;73;-30;-26;115;-91;-41;-70;41;-84;-21;-88;84;-49;115;0;-117;-98;89;114;59;13;-85;-105;0.88;0.078226798941498
-39;73;-30;-26;115;-91;-41;-70;41;-84;-21;-88;84;-49;115;0;-117;-98;89;114;59;13;-85;-105;0.86;0.128240092017924
-39;73;-30;-26;115;-91;-41;-70;41;-84;-21;-88;84;-49;115;0;-117;-98;89;114;59;13;-85;-105;0.84;0.180701728630678
-39;73;-30;-26;115;-91;-41;-70;41;-84;-21;-88;84;-49;115;0;-117;-98;89;114;59;13;-85;-105;0.82;0.22485496935161
-39;73;-30;-26;115;-91;-41;-70;41;-84;-21;-88;84;-49;115;0;-117;-98;89;114;59;13;-85;-105;0.8;0.290533649591748
-39;73;-30;-26;115;-91;-41;-70;41;-84;-21;-88;84;-49;115;0;-117;-98;89;114;59;13;-85;-105;0.78;0.337894392710314
-39;73;-30;-26;115;-91;-41;-70;41;-84;-21;-88;84;-49;115;0;-117;-98;89;114;59;13;-85;-105;0.76;0.443923288124667
-39;73;-30;-26;115;-91;-41;-70;41;-84;-21;-88;84;-49;115;0;-117;-98;89;114;59;13;-85;-105;0.74;0.563791796442525
-39;73;-30;-26;115;-91;-41;-70;41;-84;-21;-88;84;-49;115;0;-117;-98;89;114;59;13;-85;-105;0.72;0.747663438940635
-39;73;-30;-26;115;-91;-41;-70;41;-84;-21;-88;84;-49;115;0;-117;-98;89;114;59;13;-85;-105;0.7;1
29;22;-5;-22;4;-27;-62;-97;-1;62;-127;71;-125;-11;-20;-29;20;-38;-119;75;-7;8;-119;74;1;0
29;22;-5;-22;4;-27;-62;-97;-1;62;-127;71;-125;-11;-20;-29;20;-38;-119;75;-7;8;-119;74;0.98;5.20802038826347E-08
29;22;-5;-22;4;-27;-62;-97;-1;62;-127;71;-125;-11;-20;-29;20;-38;-119;75;-7;8;-119;74;0.96;6.9495510705986E-08
29;22;-5;-22;4;-27;-62;-97;-1;62;-127;71;-125;-11;-20;-29;20;-38;-119;75;-7;8;-119;74;0.94;7.817303382904E-08
29;22;-5;-22;4;-27;-62;-97;-1;62;-127;71;-125;-11;-20;-29;20;-38;-119;75;-7;8;-119;74;0.92;0.004029867267174
29;22;-5;-22;4;-27;-62;-97;-1;62;-127;71;-125;-11;-20;-29;20;-38;-119;75;-7;8;-119;74;0.9;0.008045132096174
29;22;-5;-22;4;-27;-62;-97;-1;62;-127;71;-125;-11;-20;-29;20;-38;-119;75;-7;8;-119;74;0.88;0.012075423639242
29;22;-5;-22;4;-27;-62;-97;-1;62;-127;71;-125;-11;-20;-29;20;-38;-119;75;-7;8;-119;74;0.86;0.019930243962877
29;22;-5;-22;4;-27;-62;-97;-1;62;-127;71;-125;-11;-20;-29;20;-38;-119;75;-7;8;-119;74;0.84;0.040822625968728
29;22;-5;-22;4;-27;-62;-97;-1;62;-127;71;-125;-11;-20;-29;20;-38;-119;75;-7;8;-119;74;0.82;0.059258516985148
29;22;-5;-22;4;-27;-62;-97;-1;62;-127;71;-125;-11;-20;-29;20;-38;-119;75;-7;8;-119;74;0.8;0.092544525172579
29;22;-5;-22;4;-27;-62;-97;-1;62;-127;71;-125;-11;-20;-29;20;-38;-119;75;-7;8;-119;74;0.78;0.118147651468135
29;22;-5;-22;4;-27;-62;-97;-1;62;-127;71;-125;-11;-20;-29;20;-38;-119;75;-7;8;-119;74;0.76;0.141777150296891
29;22;-5;-22;4;-27;-62;-97;-1;62;-127;71;-125;-11;-20;-29;20;-38;-119;75;-7;8;-119;74;0.74;0.240313281670983
29;22;-5;-22;4;-27;-62;-97;-1;62;-127;71;-125;-11;-20;-29;20;-38;-119;75;-7;8;-119;74;0.72;0.519672960969319
29;22;-5;-22;4;-27;-62;-97;-1;62;-127;71;-125;-11;-20;-29;20;-38;-119;75;-7;8;-119;74;0.7;1
19;-17;-83;62;-121;111;41;93;90;-61;-43;-28;-66;99;122;104;13;48;43;46;-111;25;-17;-100;1;2.24594846650358E-09
19;-17;-83;62;-121;111;41;93;90;-61;-43;-28;-66;99;122;104;13;48;43;46;-111;25;-17;-100;0.98;0.006730759542316
19;-17;-83;62;-121;111;41;93;90;-61;-43;-28;-66;99;122;104;13;48;43;46;-111;25;-17;-100;0.96;0.012123255330447
19;-17;-83;62;-121;111;41;93;90;-61;-43;-28;-66;99;122;104;13;48;43;46;-111;25;-17;-100;0.94;0.027757171076752
19;-17;-83;62;-121;111;41;93;90;-61;-43;-28;-66;99;122;104;13;48;43;46;-111;25;-17;-100;0.92;0.050150594459722
19;-17;-83;62;-121;111;41;93;90;-61;-43;-28;-66;99;122;104;13;48;43;46;-111;25;-17;-100;0.9;0.05824000417577
19;-17;-83;62;-121;111;41;93;90;-61;-43;-28;-66;99;122;104;13;48;43;46;-111;25;-17;-100;0.88;0.13821562828732
19;-17;-83;62;-121;111;41;93;90;-61;-43;-28;-66;99;122;104;13;48;43;46;-111;25;-17;-100;0.86;0.215703581869065
19;-17;-83;62;-121;111;41;93;90;-61;-43;-28;-66;99;122;104;13;48;43;46;-111;25;-17;-100;0.84;0.246658867596963
19;-17;-83;62;-121;111;41;93;90;-61;-43;-28;-66;99;122;104;13;48;43;46;-111;25;-17;-100;0.82;0.320419894653591
19;-17;-83;62;-121;111;41;93;90;-61;-43;-28;-66;99;122;104;13;48;43;46;-111;25;-17;-100;0.8;0.384401885949342
19;-17;-83;62;-121;111;41;93;90;-61;-43;-28;-66;99;122;104;13;48;43;46;-111;25;-17;-100;0.78;0.512007272510922
19;-17;-83;62;-121;111;41;93;90;-61;-43;-28;-66;99;122;104;13;48;43;46;-111;25;-17;-100;0.76;0.622640805798702
19;-17;-83;62;-121;111;41;93;90;-61;-43;-28;-66;99;122;104;13;48;43;46;-111;25;-17;-100;0.74;0.733166892879067
19;-17;-83;62;-121;111;41;93;90;-61;-43;-28;-66;99;122;104;13;48;43;46;-111;25;-17;-100;0.72;0.833085231017756
19;-17;-83;62;-121;111;41;93;90;-61;-43;-28;-66;99;122;104;13;48;43;46;-111;25;-17;-100;0.7;1
105;-59;126;79;-23;126;-56;121;-117;125;25;-75;101;-33;91;-94;-115;-30;76;82;-42;25;39;-21;1;6.84918321656482E-10
105;-59;126;79;-23;126;-56;121;-117;125;25;-75;101;-33;91;-94;-115;-30;76;82;-42;25;39;-21;0.98;6.84918321656482E-10
105;-59;126;79;-23;126;-56;121;-117;125;25;-75;101;-33;91;-94;-115;-30;76;82;-42;25;39;-21;0.96;1.50697319005064E-06
105;-59;126;79;-23;126;-56;121;-117;125;25;-75;101;-33;91;-94;-115;-30;76;82;-42;25;39;-21;0.94;0.001244094081149
105;-59;126;79;-23;126;-56;121;-117;125;25;-75;101;-33;91;-94;-115;-30;76;82;-42;25;39;-21;0.92;0.004592061572755
105;-59;126;79;-23;126;-56;121;-117;125;25;-75;101;-33;91;-94;-115;-30;76;82;-42;25;39;-21;0.9;0.005139377321903
105;-59;126;79;-23;126;-56;121;-117;125;25;-75;101;-33;91;-94;-115;-30;76;82;-42;25;39;-21;0.88;0.012171578391327
105;-59;126;79;-23;126;-56;121;-117;125;25;-75;101;-33;91;-94;-115;-30;76;82;-42;25;39;-21;0.86;0.020814279082754
105;-59;126;79;-23;126;-56;121;-117;125;25;-75;101;-33;91;-94;-115;-30;76;82;-42;25;39;-21;0.84;0.037396080901137
105;-59;126;79;-23;126;-56;121;-117;125;25;-75;101;-33;91;-94;-115;-30;76;82;-42;25;39;-21;0.82;0.059356853969805
105;-59;126;79;-23;126;-56;121;-117;125;25;-75;101;-33;91;-94;-115;-30;76;82;-42;25;39;-21;0.8;0.083593493443528
105;-59;126;79;-23;126;-56;121;-117;125;25;-75;101;-33;91;-94;-115;-30;76;82;-42;25;39;-21;0.78;0.148374257050788
105;-59;126;79;-23;126;-56;121;-117;125;25;-75;101;-33;91;-94;-115;-30;76;82;-42;25;39;-21;0.76;0.237736929564881
105;-59;126;79;-23;126;-56;121;-117;125;25;-75;101;-33;91;-94;-115;-30;76;82;-42;25;39;-21;0.74;0.36091283753364
105;-59;126;79;-23;126;-56;121;-117;125;25;-75;101;-33;91;-94;-115;-30;76;82;-42;25;39;-21;0.72;0.603712310829756
105;-59;126;79;-23;126;-56;121;-117;125;25;-75;101;-33;91;-94;-115;-30;76;82;-42;25;39;-21;0.7;1
-74;78;-40;-28;-55;-77;-32;-41;95;-66;-94;31;-48;-108;-48;-100;-34;3;126;-113;-4;-6;-102;-107;1;0
-74;78;-40;-28;-55;-77;-32;-41;95;-66;-94;31;-48;-108;-48;-100;-34;3;126;-113;-4;-6;-102;-107;0.98;0.00075288892894
-74;78;-40;-28;-55;-77;-32;-41;95;-66;-94;31;-48;-108;-48;-100;-34;3;126;-113;-4;-6;-102;-107;0.96;0.003094329261679
-74;78;-40;-28;-55;-77;-32;-41;95;-66;-94;31;-48;-108;-48;-100;-34;3;126;-113;-4;-6;-102;-107;0.94;0.007754123656815
-74;78;-40;-28;-55;-77;-32;-41;95;-66;-94;31;-48;-108;-48;-100;-34;3;126;-113;-4;-6;-102;-107;0.92;0.013060454679863
-74;78;-40;-28;-55;-77;-32;-41;95;-66;-94;31;-48;-108;-48;-100;-34;3;126;-113;-4;-6;-102;-107;0.9;0.023325443088989
-74;78;-40;-28;-55;-77;-32;-41;95;-66;-94;31;-48;-108;-48;-100;-34;3;126;-113;-4;-6;-102;-107;0.88;0.04453401985915
-74;78;-40;-28;-55;-77;-32;-41;95;-66;-94;31;-48;-108;-48;-100;-34;3;126;-113;-4;-6;-102;-107;0.86;0.07281049614977
-74;78;-40;-28;-55;-77;-32;-41;95;-66;-94;31;-48;-108;-48;-100;-34;3;126;-113;-4;-6;-102;-107;0.84;0.122125325063074
-74;78;-40;-28;-55;-77;-32;-41;95;-66;-94;31;-48;-108;-48;-100;-34;3;126;-113;-4;-6;-102;-107;0.82;0.151499159283093
-74;78;-40;-28;-55;-77;-32;-41;95;-66;-94;31;-48;-108;-48;-100;-34;3;126;-113;-4;-6;-102;-107;0.8;0.191211229339032
-74;78;-40;-28;-55;-77;-32;-41;95;-66;-94;31;-48;-108;-48;-100;-34;3;126;-113;-4;-6;-102;-107;0.78;0.295109792772287
-74;78;-40;-28;-55;-77;-32;-41;95;-66;-94;31;-48;-108;-48;-100;-34;3;126;-113;-4;-6;-102;-107;0.76;0.369157924127058
-74;78;-40;-28;-55;-77;-32;-41;95;-66;-94;31;-48;-108;-48;-100;-34;3;126;-113;-4;-6;-102;-107;0.74;0.460925341081851
-74;78;-40;-28;-55;-77;-32;-41;95;-66;-94;31;-48;-108;-48;-100;-34;3;126;-113;-4;-6;-102;-107;0.72;0.661230695224313
-74;78;-40;-28;-55;-77;-32;-41;95;-66;-94;31;-48;-108;-48;-100;-34;3;126;-113;-4;-6;-102;-107;0.7;1
-91;-96;-19;-45;83;122;84;-121;-86;-10;18;-38;-21;-110;-65;-58;88;63;91;107;15;-63;46;-50;1;0
-91;-96;-19;-45;83;122;84;-121;-86;-10;18;-38;-21;-110;-65;-58;88;63;91;107;15;-63;46;-50;0.98;0.005246081473814
-91;-96;-19;-45;83;122;84;-121;-86;-10;18;-38;-21;-110;-65;-58;88;63;91;107;15;-63;46;-50;0.96;0.001311520368454
-91;-96;-19;-45;83;122;84;-121;-86;-10;18;-38;-21;-110;-65;-58;88;63;91;107;15;-63;46;-50;0.94;6.02228740616407E-05
-91;-96;-19;-45;83;122;84;-121;-86;-10;18;-38;-21;-110;-65;-58;88;63;91;107;15;-63;46;-50;0.92;0.009160568287821
-91;-96;-19;-45;83;122;84;-121;-86;-10;18;-38;-21;-110;-65;-58;88;63;91;107;15;-63;46;-50;0.9;0.007771453729981
-91;-96;-19;-45;83;122;84;-121;-86;-10;18;-38;-21;-110;-65;-58;88;63;91;107;15;-63;46;-50;0.88;0.008441014989514
-91;-96;-19;-45;83;122;84;-121;-86;-10;18;-38;-21;-110;-65;-58;88;63;91;107;15;-63;46;-50;0.86;0.025949142765323
-91;-96;-19;-45;83;122;84;-121;-86;-10;18;-38;-21;-110;-65;-58;88;63;91;107;15;-63;46;-50;0.84;0.060989978419238
-91;-96;-19;-45;83;122;84;-121;-86;-10;18;-38;-21;-110;-65;-58;88;63;91;107;15;-63;46;-50;0.82;0.043378461733013
-91;-96;-19;-45;83;122;84;-121;-86;-10;18;-38;-21;-110;-65;-58;88;63;91;107;15;-63;46;-50;0.8;0.070665146767344
-91;-96;-19;-45;83;122;84;-121;-86;-10;18;-38;-21;-110;-65;-58;88;63;91;107;15;-63;46;-50;0.78;0.122842691187921
-91;-96;-19;-45;83;122;84;-121;-86;-10;18;-38;-21;-110;-65;-58;88;63;91;107;15;-63;46;-50;0.76;0.250041916019707
-91;-96;-19;-45;83;122;84;-121;-86;-10;18;-38;-21;-110;-65;-58;88;63;91;107;15;-63;46;-50;0.74;0.398383291683462
-91;-96;-19;-45;83;122;84;-121;-86;-10;18;-38;-21;-110;-65;-58;88;63;91;107;15;-63;46;-50;0.72;0.587393441895005
-91;-96;-19;-45;83;122;84;-121;-86;-10;18;-38;-21;-110;-65;-58;88;63;91;107;15;-63;46;-50;0.7;1
-100;126;36;-51;13;126;-94;-64;-51;22;-24;76;-98;123;70;-86;-46;79;-9;-87;67;-121;14;106;1;0
-100;126;36;-51;13;126;-94;-64;-51;22;-24;76;-98;123;70;-86;-46;79;-9;-87;67;-121;14;106;0.98;0.000896597807596
-100;126;36;-51;13;126;-94;-64;-51;22;-24;76;-98;123;70;-86;-46;79;-9;-87;67;-121;14;106;0.96;0.002834110787642
-100;126;36;-51;13;126;-94;-64;-51;22;-24;76;-98;123;70;-86;-46;79;-9;-87;67;-121;14;106;0.94;0.004012455034082
-100;126;36;-51;13;126;-94;-64;-51;22;-24;76;-98;123;70;-86;-46;79;-9;-87;67;-121;14;106;0.92;0.003212855176615
-100;126;36;-51;13;126;-94;-64;-51;22;-24;76;-98;123;70;-86;-46;79;-9;-87;67;-121;14;106;0.9;0.011635021874476
-100;126;36;-51;13;126;-94;-64;-51;22;-24;76;-98;123;70;-86;-46;79;-9;-87;67;-121;14;106;0.88;0.025195900435346
-100;126;36;-51;13;126;-94;-64;-51;22;-24;76;-98;123;70;-86;-46;79;-9;-87;67;-121;14;106;0.86;0.055759854828705
-100;126;36;-51;13;126;-94;-64;-51;22;-24;76;-98;123;70;-86;-46;79;-9;-87;67;-121;14;106;0.84;0.060812400794501
-100;126;36;-51;13;126;-94;-64;-51;22;-24;76;-98;123;70;-86;-46;79;-9;-87;67;-121;14;106;0.82;0.090601263889379
-100;126;36;-51;13;126;-94;-64;-51;22;-24;76;-98;123;70;-86;-46;79;-9;-87;67;-121;14;106;0.8;0.12395004647937
-100;126;36;-51;13;126;-94;-64;-51;22;-24;76;-98;123;70;-86;-46;79;-9;-87;67;-121;14;106;0.78;0.17684940964763
-100;126;36;-51;13;126;-94;-64;-51;22;-24;76;-98;123;70;-86;-46;79;-9;-87;67;-121;14;106;0.76;0.279713364771401
-100;126;36;-51;13;126;-94;-64;-51;22;-24;76;-98;123;70;-86;-46;79;-9;-87;67;-121;14;106;0.74;0.433766209204292
-100;126;36;-51;13;126;-94;-64;-51;22;-24;76;-98;123;70;-86;-46;79;-9;-87;67;-121;14;106;0.72;0.672951850434704
-100;126;36;-51;13;126;-94;-64;-51;22;-24;76;-98;123;70;-86;-46;79;-9;-87;67;-121;14;106;0.7;1
-84;-52;96;10;29;72;96;-71;-13;-120;-5;-97;-10;35;-6;94;87;88;11;59;-77;-99;13;-39;1;0
-84;-52;96;10;29;72;96;-71;-13;-120;-5;-97;-10;35;-6;94;87;88;11;59;-77;-99;13;-39;0.98;0.100815464283795
-84;-52;96;10;29;72;96;-71;-13;-120;-5;-97;-10;35;-6;94;87;88;11;59;-77;-99;13;-39;0.96;0.100815464283795
-84;-52;96;10;29;72;96;-71;-13;-120;-5;-97;-10;35;-6;94;87;88;11;59;-77;-99;13;-39;0.94;0.100815464283795
-84;-52;96;10;29;72;96;-71;-13;-120;-5;-97;-10;35;-6;94;87;88;11;59;-77;-99;13;-39;0.92;0.024591010216982
-84;-52;96;10;29;72;96;-71;-13;-120;-5;-97;-10;35;-6;94;87;88;11;59;-77;-99;13;-39;0.9;0.024591010216982
-84;-52;96;10;29;72;96;-71;-13;-120;-5;-97;-10;35;-6;94;87;88;11;59;-77;-99;13;-39;0.88;0.100815464283795
-84;-52;96;10;29;72;96;-71;-13;-120;-5;-97;-10;35;-6;94;87;88;11;59;-77;-99;13;-39;0.86;0.126639729284429
-84;-52;96;10;29;72;96;-71;-13;-120;-5;-97;-10;35;-6;94;87;88;11;59;-77;-99;13;-39;0.84;0.178288259285698
-84;-52;96;10;29;72;96;-71;-13;-120;-5;-97;-10;35;-6;94;87;88;11;59;-77;-99;13;-39;0.82;0.379060162287774
-84;-52;96;10;29;72;96;-71;-13;-120;-5;-97;-10;35;-6;94;87;88;11;59;-77;-99;13;-39;0.8;0.271535544286232
-84;-52;96;10;29;72;96;-71;-13;-120;-5;-97;-10;35;-6;94;87;88;11;59;-77;-99;13;-39;0.78;0.155326351782692
-84;-52;96;10;29;72;96;-71;-13;-120;-5;-97;-10;35;-6;94;87;88;11;59;-77;-99;13;-39;0.76;0.222538384234738
-84;-52;96;10;29;72;96;-71;-13;-120;-5;-97;-10;35;-6;94;87;88;11;59;-77;-99;13;-39;0.74;0.365182656166297
-84;-52;96;10;29;72;96;-71;-13;-120;-5;-97;-10;35;-6;94;87;88;11;59;-77;-99;13;-39;0.72;0.444917127095591
-84;-52;96;10;29;72;96;-71;-13;-120;-5;-97;-10;35;-6;94;87;88;11;59;-77;-99;13;-39;0.7;1
-28;23;44;40;98;53;16;-58;-19;-29;120;67;23;30;-9;-109;72;113;-33;102;-24;59;46;66;1;0
-28;23;44;40;98;53;16;-58;-19;-29;120;67;23;30;-9;-109;72;113;-33;102;-24;59;46;66;0.98;0.000957020033255
-28;23;44;40;98;53;16;-58;-19;-29;120;67;23;30;-9;-109;72;113;-33;102;-24;59;46;66;0.96;0.004725286414199
-28;23;44;40;98;53;16;-58;-19;-29;120;67;23;30;-9;-109;72;113;-33;102;-24;59;46;66;0.94;0.008572058344745
-28;23;44;40;98;53;16;-58;-19;-29;120;67;23;30;-9;-109;72;113;-33;102;-24;59;46;66;0.92;0.015338489048621
-28;23;44;40;98;53;16;-58;-19;-29;120;67;23;30;-9;-109;72;113;-33;102;-24;59;46;66;0.9;0.03592686149134
-28;23;44;40;98;53;16;-58;-19;-29;120;67;23;30;-9;-109;72;113;-33;102;-24;59;46;66;0.88;0.068672787927078
-28;23;44;40;98;53;16;-58;-19;-29;120;67;23;30;-9;-109;72;113;-33;102;-24;59;46;66;0.86;0.097899837449157
-28;23;44;40;98;53;16;-58;-19;-29;120;67;23;30;-9;-109;72;113;-33;102;-24;59;46;66;0.84;0.136715633071646
-28;23;44;40;98;53;16;-58;-19;-29;120;67;23;30;-9;-109;72;113;-33;102;-24;59;46;66;0.82;0.197650016823573
-28;23;44;40;98;53;16;-58;-19;-29;120;67;23;30;-9;-109;72;113;-33;102;-24;59;46;66;0.8;0.264529761216436
-28;23;44;40;98;53;16;-58;-19;-29;120;67;23;30;-9;-109;72;113;-33;102;-24;59;46;66;0.78;0.346045026089106
-28;23;44;40;98;53;16;-58;-19;-29;120;67;23;30;-9;-109;72;113;-33;102;-24;59;46;66;0.76;0.452132151961114
-28;23;44;40;98;53;16;-58;-19;-29;120;67;23;30;-9;-109;72;113;-33;102;-24;59;46;66;0.74;0.574506835599567
-28;23;44;40;98;53;16;-58;-19;-29;120;67;23;30;-9;-109;72;113;-33;102;-24;59;46;66;0.72;0.753182408315269
-28;23;44;40;98;53;16;-58;-19;-29;120;67;23;30;-9;-109;72;113;-33;102;-24;59;46;66;0.7;1
25;123;77;-90;-10;-106;102;-119;-19;54;16;45;-112;-120;-95;87;66;-21;91;-76;36;-125;67;29;1;0
25;123;77;-90;-10;-106;102;-119;-19;54;16;45;-112;-120;-95;87;66;-21;91;-76;36;-125;67;29;0.98;5.82744805584959E-08
25;123;77;-90;-10;-106;102;-119;-19;54;16;45;-112;-120;-95;87;66;-21;91;-76;36;-125;67;29;0.96;9.5467471430413E-08
25;123;77;-90;-10;-106;102;-119;-19;54;16;45;-112;-120;-95;87;66;-21;91;-76;36;-125;67;29;0.94;0.002231514071422
25;123;77;-90;-10;-106;102;-119;-19;54;16;45;-112;-120;-95;87;66;-21;91;-76;36;-125;67;29;0.92;0.001116034229252
25;123;77;-90;-10;-106;102;-119;-19;54;16;45;-112;-120;-95;87;66;-21;91;-76;36;-125;67;29;0.9;0.004446932925772
25;123;77;-90;-10;-106;102;-119;-19;54;16;45;-112;-120;-95;87;66;-21;91;-76;36;-125;67;29;0.88;0.005570222256776
25;123;77;-90;-10;-106;102;-119;-19;54;16;45;-112;-120;-95;87;66;-21;91;-76;36;-125;67;29;0.86;0.009121696313889
25;123;77;-90;-10;-106;102;-119;-19;54;16;45;-112;-120;-95;87;66;-21;91;-76;36;-125;67;29;0.84;0.045060488002518
25;123;77;-90;-10;-106;102;-119;-19;54;16;45;-112;-120;-95;87;66;-21;91;-76;36;-125;67;29;0.82;0.035593951620727
25;123;77;-90;-10;-106;102;-119;-19;54;16;45;-112;-120;-95;87;66;-21;91;-76;36;-125;67;29;0.8;0.082063759285761
25;123;77;-90;-10;-106;102;-119;-19;54;16;45;-112;-120;-95;87;66;-21;91;-76;36;-125;67;29;0.78;0.122437610070702
25;123;77;-90;-10;-106;102;-119;-19;54;16;45;-112;-120;-95;87;66;-21;91;-76;36;-125;67;29;0.76;0.163000104489312
25;123;77;-90;-10;-106;102;-119;-19;54;16;45;-112;-120;-95;87;66;-21;91;-76;36;-125;67;29;0.74;0.301339772110793
25;123;77;-90;-10;-106;102;-119;-19;54;16;45;-112;-120;-95;87;66;-21;91;-76;36;-125;67;29;0.72;0.617228464277329
25;123;77;-90;-10;-106;102;-119;-19;54;16;45;-112;-120;-95;87;66;-21;91;-76;36;-125;67;29;0.7;1
-20;-80;-72;-106;65;105;-2;114;25;-76;-126;-25;122;76;-9;46;-103;95;63;-46;-81;-77;95;-128;1;0
-20;-80;-72;-106;65;105;-2;114;25;-76;-126;-25;122;76;-9;46;-103;95;63;-46;-81;-77;95;-128;0.98;0.002909868002948
-20;-80;-72;-106;65;105;-2;114;25;-76;-126;-25;122;76;-9;46;-103;95;63;-46;-81;-77;95;-128;0.96;0.001696071308846
-20;-80;-72;-106;65;105;-2;114;25;-76;-126;-25;122;76;-9;46;-103;95;63;-46;-81;-77;95;-128;0.94;0.00683751881144
-20;-80;-72;-106;65;105;-2;114;25;-76;-126;-25;122;76;-9;46;-103;95;63;-46;-81;-77;95;-128;0.92;0.012512304264995
-20;-80;-72;-106;65;105;-2;114;25;-76;-126;-25;122;76;-9;46;-103;95;63;-46;-81;-77;95;-128;0.9;0.021580307256201
-20;-80;-72;-106;65;105;-2;114;25;-76;-126;-25;122;76;-9;46;-103;95;63;-46;-81;-77;95;-128;0.88;0.041079619245197
-20;-80;-72;-106;65;105;-2;114;25;-76;-126;-25;122;76;-9;46;-103;95;63;-46;-81;-77;95;-128;0.86;0.05956290948066
-20;-80;-72;-106;65;105;-2;114;25;-76;-126;-25;122;76;-9;46;-103;95;63;-46;-81;-77;95;-128;0.84;0.094817055921129
-20;-80;-72;-106;65;105;-2;114;25;-76;-126;-25;122;76;-9;46;-103;95;63;-46;-81;-77;95;-128;0.82;0.131170683525728
-20;-80;-72;-106;65;105;-2;114;25;-76;-126;-25;122;76;-9;46;-103;95;63;-46;-81;-77;95;-128;0.8;0.166453218437716
-20;-80;-72;-106;65;105;-2;114;25;-76;-126;-25;122;76;-9;46;-103;95;63;-46;-81;-77;95;-128;0.78;0.220296364419863
-20;-80;-72;-106;65;105;-2;114;25;-76;-126;-25;122;76;-9;46;-103;95;63;-46;-81;-77;95;-128;0.76;0.287256392166302
-20;-80;-72;-106;65;105;-2;114;25;-76;-126;-25;122;76;-9;46;-103;95;63;-46;-81;-77;95;-128;0.74;0.445277675931106
-20;-80;-72;-106;65;105;-2;114;25;-76;-126;-25;122;76;-9;46;-103;95;63;-46;-81;-77;95;-128;0.72;0.689463875536271
-20;-80;-72;-106;65;105;-2;114;25;-76;-126;-25;122;76;-9;46;-103;95;63;-46;-81;-77;95;-128;0.7;1
123;-55;-54;-62;-108;35;56;-58;72;125;-97;-74;40;-81;42;114;-74;-51;29;19;60;101;27;-64;1;0
123;-55;-54;-62;-108;35;56;-58;72;125;-97;-74;40;-81;42;114;-74;-51;29;19;60;101;27;-64;0.98;2.07312171810119E-07
123;-55;-54;-62;-108;35;56;-58;72;125;-97;-74;40;-81;42;114;-74;-51;29;19;60;101;27;-64;0.96;1.41466679181342E-06
123;-55;-54;-62;-108;35;56;-58;72;125;-97;-74;40;-81;42;114;-74;-51;29;19;60;101;27;-64;0.94;0.001585005193271
123;-55;-54;-62;-108;35;56;-58;72;125;-97;-74;40;-81;42;114;-74;-51;29;19;60;101;27;-64;0.92;0.0013090321809
123;-55;-54;-62;-108;35;56;-58;72;125;-97;-74;40;-81;42;114;-74;-51;29;19;60;101;27;-64;0.9;0.002881219986145
123;-55;-54;-62;-108;35;56;-58;72;125;-97;-74;40;-81;42;114;-74;-51;29;19;60;101;27;-64;0.88;0.01585891623636
123;-55;-54;-62;-108;35;56;-58;72;125;-97;-74;40;-81;42;114;-74;-51;29;19;60;101;27;-64;0.86;0.006700460797871
123;-55;-54;-62;-108;35;56;-58;72;125;-97;-74;40;-81;42;114;-74;-51;29;19;60;101;27;-64;0.84;0.031675461055381
123;-55;-54;-62;-108;35;56;-58;72;125;-97;-74;40;-81;42;114;-74;-51;29;19;60;101;27;-64;0.82;0.053280244038901
123;-55;-54;-62;-108;35;56;-58;72;125;-97;-74;40;-81;42;114;-74;-51;29;19;60;101;27;-64;0.8;0.082081231319752
123;-55;-54;-62;-108;35;56;-58;72;125;-97;-74;40;-81;42;114;-74;-51;29;19;60;101;27;-64;0.78;0.156685667965283
123;-55;-54;-62;-108;35;56;-58;72;125;-97;-74;40;-81;42;114;-74;-51;29;19;60;101;27;-64;0.76;0.233604226877453
123;-55;-54;-62;-108;35;56;-58;72;125;-97;-74;40;-81;42;114;-74;-51;29;19;60;101;27;-64;0.74;0.37268895948982
123;-55;-54;-62;-108;35;56;-58;72;125;-97;-74;40;-81;42;114;-74;-51;29;19;60;101;27;-64;0.72;0.644423847985354
123;-55;-54;-62;-108;35;56;-58;72;125;-97;-74;40;-81;42;114;-74;-51;29;19;60;101;27;-64;0.7;1
-98;27;96;114;15;71;115;-101;44;82;3;-25;-66;59;77;-88;56;32;-27;-25;19;-34;85;82;1;2.98640175828873E-11
-98;27;96;114;15;71;115;-101;44;82;3;-25;-66;59;77;-88;56;32;-27;-25;19;-34;85;82;0.98;0.001109589695374
-98;27;96;114;15;71;115;-101;44;82;3;-25;-66;59;77;-88;56;32;-27;-25;19;-34;85;82;0.96;0.008135067484896
-98;27;96;114;15;71;115;-101;44;82;3;-25;-66;59;77;-88;56;32;-27;-25;19;-34;85;82;0.94;0.015568740801727
-98;27;96;114;15;71;115;-101;44;82;3;-25;-66;59;77;-88;56;32;-27;-25;19;-34;85;82;0.92;0.026500300328944
-98;27;96;114;15;71;115;-101;44;82;3;-25;-66;59;77;-88;56;32;-27;-25;19;-34;85;82;0.9;0.033177888636022
-98;27;96;114;15;71;115;-101;44;82;3;-25;-66;59;77;-88;56;32;-27;-25;19;-34;85;82;0.88;0.063669238882803
-98;27;96;114;15;71;115;-101;44;82;3;-25;-66;59;77;-88;56;32;-27;-25;19;-34;85;82;0.86;0.118355823537173
-98;27;96;114;15;71;115;-101;44;82;3;-25;-66;59;77;-88;56;32;-27;-25;19;-34;85;82;0.84;0.172415005865137
-98;27;96;114;15;71;115;-101;44;82;3;-25;-66;59;77;-88;56;32;-27;-25;19;-34;85;82;0.82;0.227134418121637
-98;27;96;114;15;71;115;-101;44;82;3;-25;-66;59;77;-88;56;32;-27;-25;19;-34;85;82;0.8;0.305955342552776
-98;27;96;114;15;71;115;-101;44;82;3;-25;-66;59;77;-88;56;32;-27;-25;19;-34;85;82;0.78;0.40650110225759
-98;27;96;114;15;71;115;-101;44;82;3;-25;-66;59;77;-88;56;32;-27;-25;19;-34;85;82;0.76;0.511666761451897
-98;27;96;114;15;71;115;-101;44;82;3;-25;-66;59;77;-88;56;32;-27;-25;19;-34;85;82;0.74;0.658544196547056
-98;27;96;114;15;71;115;-101;44;82;3;-25;-66;59;77;-88;56;32;-27;-25;19;-34;85;82;0.72;0.819203482689176
-98;27;96;114;15;71;115;-101;44;82;3;-25;-66;59;77;-88;56;32;-27;-25;19;-34;85;82;0.7;1
27;-88;-127;122;122;60;84;76;110;-11;48;79;-49;33;-77;-123;-70;69;23;28;-31;5;116;75;1;0.000677875102025
27;-88;-127;122;122;60;84;76;110;-11;48;79;-49;33;-77;-123;-70;69;23;28;-31;5;116;75;0.98;0.000847343877532
27;-88;-127;122;122;60;84;76;110;-11;48;79;-49;33;-77;-123;-70;69;23;28;-31;5;116;75;0.96;0.003092805152991
27;-88;-127;122;122;60;84;76;110;-11;48;79;-49;33;-77;-123;-70;69;23;28;-31;5;116;75;0.94;0.003558844285634
27;-88;-127;122;122;60;84;76;110;-11;48;79;-49;33;-77;-123;-70;69;23;28;-31;5;116;75;0.92;0.009078660759719
27;-88;-127;122;122;60;84;76;110;-11;48;79;-49;33;-77;-123;-70;69;23;28;-31;5;116;75;0.9;0.018895271978406
27;-88;-127;122;122;60;84;76;110;-11;48;79;-49;33;-77;-123;-70;69;23;28;-31;5;116;75;0.88;0.032580092815162
27;-88;-127;122;122;60;84;76;110;-11;48;79;-49;33;-77;-123;-70;69;23;28;-31;5;116;75;0.86;0.06090165427487
27;-88;-127;122;122;60;84;76;110;-11;48;79;-49;33;-77;-123;-70;69;23;28;-31;5;116;75;0.84;0.12165952281681
27;-88;-127;122;122;60;84;76;110;-11;48;79;-49;33;-77;-123;-70;69;23;28;-31;5;116;75;0.82;0.207199185923744
27;-88;-127;122;122;60;84;76;110;-11;48;79;-49;33;-77;-123;-70;69;23;28;-31;5;116;75;0.8;0.295245171970147
27;-88;-127;122;122;60;84;76;110;-11;48;79;-49;33;-77;-123;-70;69;23;28;-31;5;116;75;0.78;0.403674256908507
27;-88;-127;122;122;60;84;76;110;-11;48;79;-49;33;-77;-123;-70;69;23;28;-31;5;116;75;0.76;0.551398633803074
27;-88;-127;122;122;60;84;76;110;-11;48;79;-49;33;-77;-123;-70;69;23;28;-31;5;116;75;0.74;0.686832135414159
27;-88;-127;122;122;60;84;76;110;-11;48;79;-49;33;-77;-123;-70;69;23;28;-31;5;116;75;0.72;0.824712141953532
27;-88;-127;122;122;60;84;76;110;-11;48;79;-49;33;-77;-123;-70;69;23;28;-31;5;116;75;0.7;1
79;-29;-92;117;112;-114;-15;-79;68;-42;-115;12;41;85;41;110;-17;-14;-52;17;49;73;89;-56;1;0
79;-29;-92;117;112;-114;-15;-79;68;-42;-115;12;41;85;41;110;-17;-14;-52;17;49;73;89;-56;0.98;6.24780602420665E-07
79;-29;-92;117;112;-114;-15;-79;68;-42;-115;12;41;85;41;110;-17;-14;-52;17;49;73;89;-56;0.96;8.81362694357484E-07
79;-29;-92;117;112;-114;-15;-79;68;-42;-115;12;41;85;41;110;-17;-14;-52;17;49;73;89;-56;0.94;0.00158344062302
79;-29;-92;117;112;-114;-15;-79;68;-42;-115;12;41;85;41;110;-17;-14;-52;17;49;73;89;-56;0.92;0.004479491263166
79;-29;-92;117;112;-114;-15;-79;68;-42;-115;12;41;85;41;110;-17;-14;-52;17;49;73;89;-56;0.9;0.012538473977887
79;-29;-92;117;112;-114;-15;-79;68;-42;-115;12;41;85;41;110;-17;-14;-52;17;49;73;89;-56;0.88;0.019853496372468
79;-29;-92;117;112;-114;-15;-79;68;-42;-115;12;41;85;41;110;-17;-14;-52;17;49;73;89;-56;0.86;0.02161915239086
79;-29;-92;117;112;-114;-15;-79;68;-42;-115;12;41;85;41;110;-17;-14;-52;17;49;73;89;-56;0.84;0.03543794489038
79;-29;-92;117;112;-114;-15;-79;68;-42;-115;12;41;85;41;110;-17;-14;-52;17;49;73;89;-56;0.82;0.067022136360922
79;-29;-92;117;112;-114;-15;-79;68;-42;-115;12;41;85;41;110;-17;-14;-52;17;49;73;89;-56;0.8;0.090882614275731
79;-29;-92;117;112;-114;-15;-79;68;-42;-115;12;41;85;41;110;-17;-14;-52;17;49;73;89;-56;0.78;0.138497008992149
79;-29;-92;117;112;-114;-15;-79;68;-42;-115;12;41;85;41;110;-17;-14;-52;17;49;73;89;-56;0.76;0.225205165657914
79;-29;-92;117;112;-114;-15;-79;68;-42;-115;12;41;85;41;110;-17;-14;-52;17;49;73;89;-56;0.74;0.377734816141862
79;-29;-92;117;112;-114;-15;-79;68;-42;-115;12;41;85;41;110;-17;-14;-52;17;49;73;89;-56;0.72;0.657443779280901
79;-29;-92;117;112;-114;-15;-79;68;-42;-115;12;41;85;41;110;-17;-14;-52;17;49;73;89;-56;0.7;1
-71;-28;-13;69;-33;80;70;113;-76;-54;29;36;-122;34;-91;104;-71;52;59;28;-62;118;5;-116;1;7.36380202499584E-11
-71;-28;-13;69;-33;80;70;113;-76;-54;29;36;-122;34;-91;104;-71;52;59;28;-62;118;5;-116;0.98;0.004941462345412
-71;-28;-13;69;-33;80;70;113;-76;-54;29;36;-122;34;-91;104;-71;52;59;28;-62;118;5;-116;0.96;0.004941462345412
-71;-28;-13;69;-33;80;70;113;-76;-54;29;36;-122;34;-91;104;-71;52;59;28;-62;118;5;-116;0.94;0.001235290573135
-71;-28;-13;69;-33;80;70;113;-76;-54;29;36;-122;34;-91;104;-71;52;59;28;-62;118;5;-116;0.92;0.002470722154988
-71;-28;-13;69;-33;80;70;113;-76;-54;29;36;-122;34;-91;104;-71;52;59;28;-62;118;5;-116;0.9;0.016050963954173
-71;-28;-13;69;-33;80;70;113;-76;-54;29;36;-122;34;-91;104;-71;52;59;28;-62;118;5;-116;0.88;0.02501042867604
-71;-28;-13;69;-33;80;70;113;-76;-54;29;36;-122;34;-91;104;-71;52;59;28;-62;118;5;-116;0.86;0.039737741340296
-71;-28;-13;69;-33;80;70;113;-76;-54;29;36;-122;34;-91;104;-71;52;59;28;-62;118;5;-116;0.84;0.060660363767413
-71;-28;-13;69;-33;80;70;113;-76;-54;29;36;-122;34;-91;104;-71;52;59;28;-62;118;5;-116;0.82;0.096111060776153
-71;-28;-13;69;-33;80;70;113;-76;-54;29;36;-122;34;-91;104;-71;52;59;28;-62;118;5;-116;0.8;0.158193179162357
-71;-28;-13;69;-33;80;70;113;-76;-54;29;36;-122;34;-91;104;-71;52;59;28;-62;118;5;-116;0.78;0.280334602420391
-71;-28;-13;69;-33;80;70;113;-76;-54;29;36;-122;34;-91;104;-71;52;59;28;-62;118;5;-116;0.76;0.354056746662704
-71;-28;-13;69;-33;80;70;113;-76;-54;29;36;-122;34;-91;104;-71;52;59;28;-62;118;5;-116;0.74;0.468293779810017
-71;-28;-13;69;-33;80;70;113;-76;-54;29;36;-122;34;-91;104;-71;52;59;28;-62;118;5;-116;0.72;0.633073250683471
-71;-28;-13;69;-33;80;70;113;-76;-54;29;36;-122;34;-91;104;-71;52;59;28;-62;118;5;-116;0.7;1
72;37;67;81;74;7;2;30;0;11;-83;-57;61;113;18;-60;52;81;34;-94;97;-7;29;67;1;0
72;37;67;81;74;7;2;30;0;11;-83;-57;61;113;18;-60;52;81;34;-94;97;-7;29;67;0.98;0
72;37;67;81;74;7;2;30;0;11;-83;-57;61;113;18;-60;52;81;34;-94;97;-7;29;67;0.96;0
72;37;67;81;74;7;2;30;0;11;-83;-57;61;113;18;-60;52;81;34;-94;97;-7;29;67;0.94;0.005234502086041
72;37;67;81;74;7;2;30;0;11;-83;-57;61;113;18;-60;52;81;34;-94;97;-7;29;67;0.92;0.00388144110973
72;37;67;81;74;7;2;30;0;11;-83;-57;61;113;18;-60;52;81;34;-94;97;-7;29;67;0.9;0.017517183302319
72;37;67;81;74;7;2;30;0;11;-83;-57;61;113;18;-60;52;81;34;-94;97;-7;29;67;0.88;0.024524213122377
72;37;67;81;74;7;2;30;0;11;-83;-57;61;113;18;-60;52;81;34;-94;97;-7;29;67;0.86;0.031572412902019
72;37;67;81;74;7;2;30;0;11;-83;-57;61;113;18;-60;52;81;34;-94;97;-7;29;67;0.84;0.083299546959154
72;37;67;81;74;7;2;30;0;11;-83;-57;61;113;18;-60;52;81;34;-94;97;-7;29;67;0.82;0.112715525390564
72;37;67;81;74;7;2;30;0;11;-83;-57;61;113;18;-60;52;81;34;-94;97;-7;29;67;0.8;0.168086513333429
72;37;67;81;74;7;2;30;0;11;-83;-57;61;113;18;-60;52;81;34;-94;97;-7;29;67;0.78;0.267521341484764
72;37;67;81;74;7;2;30;0;11;-83;-57;61;113;18;-60;52;81;34;-94;97;-7;29;67;0.76;0.392586801183161
72;37;67;81;74;7;2;30;0;11;-83;-57;61;113;18;-60;52;81;34;-94;97;-7;29;67;0.74;0.514258551110346
72;37;67;81;74;7;2;30;0;11;-83;-57;61;113;18;-60;52;81;34;-94;97;-7;29;67;0.72;0.70853749649093
72;37;67;81;74;7;2;30;0;11;-83;-57;61;113;18;-60;52;81;34;-94;97;-7;29;67;0.7;1
-85;-97;69;-46;-58;120;60;-10;-121;-38;-63;-115;-92;-110;-24;60;-126;96;26;-45;-16;-16;14;31;1;0
-85;-97;69;-46;-58;120;60;-10;-121;-38;-63;-115;-92;-110;-24;60;-126;96;26;-45;-16;-16;14;31;0.98;0
-85;-97;69;-46;-58;120;60;-10;-121;-38;-63;-115;-92;-110;-24;60;-126;96;26;-45;-16;-16;14;31;0.96;3.27894648670285E-05
-85;-97;69;-46;-58;120;60;-10;-121;-38;-63;-115;-92;-110;-24;60;-126;96;26;-45;-16;-16;14;31;0.94;0.000189021620998
-85;-97;69;-46;-58;120;60;-10;-121;-38;-63;-115;-92;-110;-24;60;-126;96;26;-45;-16;-16;14;31;0.92;0.00051546967563
-85;-97;69;-46;-58;120;60;-10;-121;-38;-63;-115;-92;-110;-24;60;-126;96;26;-45;-16;-16;14;31;0.9;0.001746641751685
-85;-97;69;-46;-58;120;60;-10;-121;-38;-63;-115;-92;-110;-24;60;-126;96;26;-45;-16;-16;14;31;0.88;0.018731199712644
-85;-97;69;-46;-58;120;60;-10;-121;-38;-63;-115;-92;-110;-24;60;-126;96;26;-45;-16;-16;14;31;0.86;0.034676348895675
-85;-97;69;-46;-58;120;60;-10;-121;-38;-63;-115;-92;-110;-24;60;-126;96;26;-45;-16;-16;14;31;0.84;0.006441649936406
-85;-97;69;-46;-58;120;60;-10;-121;-38;-63;-115;-92;-110;-24;60;-126;96;26;-45;-16;-16;14;31;0.82;0.015721119350597
-85;-97;69;-46;-58;120;60;-10;-121;-38;-63;-115;-92;-110;-24;60;-126;96;26;-45;-16;-16;14;31;0.8;0.036623605806329
-85;-97;69;-46;-58;120;60;-10;-121;-38;-63;-115;-92;-110;-24;60;-126;96;26;-45;-16;-16;14;31;0.78;0.080036090488674
-85;-97;69;-46;-58;120;60;-10;-121;-38;-63;-115;-92;-110;-24;60;-126;96;26;-45;-16;-16;14;31;0.76;0.166853970334155
-85;-97;69;-46;-58;120;60;-10;-121;-38;-63;-115;-92;-110;-24;60;-126;96;26;-45;-16;-16;14;31;0.74;0.303249244651078
-85;-97;69;-46;-58;120;60;-10;-121;-38;-63;-115;-92;-110;-24;60;-126;96;26;-45;-16;-16;14;31;0.72;0.576861868753387
-85;-97;69;-46;-58;120;60;-10;-121;-38;-63;-115;-92;-110;-24;60;-126;96;26;-45;-16;-16;14;31;0.7;1
30;20;5;62;-66;83;-88;6;16;32;-98;-8;20;5;-37;9;-38;-54;76;-9;-57;-10;35;-99;1;0.000695458971432
30;20;5;62;-66;83;-88;6;16;32;-98;-8;20;5;-37;9;-38;-54;76;-9;-57;-10;35;-99;0.98;0.002780562656864
30;20;5;62;-66;83;-88;6;16;32;-98;-8;20;5;-37;9;-38;-54;76;-9;-57;-10;35;-99;0.96;0.004168934142002
30;20;5;62;-66;83;-88;6;16;32;-98;-8;20;5;-37;9;-38;-54;76;-9;-57;-10;35;-99;0.94;0.006951619948728
30;20;5;62;-66;83;-88;6;16;32;-98;-8;20;5;-37;9;-38;-54;76;-9;-57;-10;35;-99;0.92;0.017547289469756
30;20;5;62;-66;83;-88;6;16;32;-98;-8;20;5;-37;9;-38;-54;76;-9;-57;-10;35;-99;0.9;0.032636081599456
30;20;5;62;-66;83;-88;6;16;32;-98;-8;20;5;-37;9;-38;-54;76;-9;-57;-10;35;-99;0.88;0.047984892216143
30;20;5;62;-66;83;-88;6;16;32;-98;-8;20;5;-37;9;-38;-54;76;-9;-57;-10;35;-99;0.86;0.066313981573064
30;20;5;62;-66;83;-88;6;16;32;-98;-8;20;5;-37;9;-38;-54;76;-9;-57;-10;35;-99;0.84;0.062628349944805
30;20;5;62;-66;83;-88;6;16;32;-98;-8;20;5;-37;9;-38;-54;76;-9;-57;-10;35;-99;0.82;0.085537480319655
30;20;5;62;-66;83;-88;6;16;32;-98;-8;20;5;-37;9;-38;-54;76;-9;-57;-10;35;-99;0.8;0.119621792814203
30;20;5;62;-66;83;-88;6;16;32;-98;-8;20;5;-37;9;-38;-54;76;-9;-57;-10;35;-99;0.78;0.184548831531176
30;20;5;62;-66;83;-88;6;16;32;-98;-8;20;5;-37;9;-38;-54;76;-9;-57;-10;35;-99;0.76;0.253369472135846
30;20;5;62;-66;83;-88;6;16;32;-98;-8;20;5;-37;9;-38;-54;76;-9;-57;-10;35;-99;0.74;0.412618882466133
30;20;5;62;-66;83;-88;6;16;32;-98;-8;20;5;-37;9;-38;-54;76;-9;-57;-10;35;-99;0.72;0.631032958559197
30;20;5;62;-66;83;-88;6;16;32;-98;-8;20;5;-37;9;-38;-54;76;-9;-57;-10;35;-99;0.7;1
65;38;-32;115;-109;-112;85;-19;122;123;-112;-115;100;88;-66;-53;-34;-45;98;-5;87;-85;55;116;1;0
65;38;-32;115;-109;-112;85;-19;122;123;-112;-115;100;88;-66;-53;-34;-45;98;-5;87;-85;55;116;0.98;0.000897728513377
65;38;-32;115;-109;-112;85;-19;122;123;-112;-115;100;88;-66;-53;-34;-45;98;-5;87;-85;55;116;0.96;0.000893059554203
65;38;-32;115;-109;-112;85;-19;122;123;-112;-115;100;88;-66;-53;-34;-45;98;-5;87;-85;55;116;0.94;0.003355843331509
65;38;-32;115;-109;-112;85;-19;122;123;-112;-115;100;88;-66;-53;-34;-45;98;-5;87;-85;55;116;0.92;0.001859205164741
65;38;-32;115;-109;-112;85;-19;122;123;-112;-115;100;88;-66;-53;-34;-45;98;-5;87;-85;55;116;0.9;0.003055745930588
65;38;-32;115;-109;-112;85;-19;122;123;-112;-115;100;88;-66;-53;-34;-45;98;-5;87;-85;55;116;0.88;0.015158705581464
65;38;-32;115;-109;-112;85;-19;122;123;-112;-115;100;88;-66;-53;-34;-45;98;-5;87;-85;55;116;0.86;0.025220472790725
65;38;-32;115;-109;-112;85;-19;122;123;-112;-115;100;88;-66;-53;-34;-45;98;-5;87;-85;55;116;0.84;0.03388108990982
65;38;-32;115;-109;-112;85;-19;122;123;-112;-115;100;88;-66;-53;-34;-45;98;-5;87;-85;55;116;0.82;0.050507211308667
65;38;-32;115;-109;-112;85;-19;122;123;-112;-115;100;88;-66;-53;-34;-45;98;-5;87;-85;55;116;0.8;0.097310882666295
65;38;-32;115;-109;-112;85;-19;122;123;-112;-115;100;88;-66;-53;-34;-45;98;-5;87;-85;55;116;0.78;0.16997583064056
65;38;-32;115;-109;-112;85;-19;122;123;-112;-115;100;88;-66;-53;-34;-45;98;-5;87;-85;55;116;0.76;0.283668792245769
65;38;-32;115;-109;-112;85;-19;122;123;-112;-115;100;88;-66;-53;-34;-45;98;-5;87;-85;55;116;0.74;0.467966112392706
65;38;-32;115;-109;-112;85;-19;122;123;-112;-115;100;88;-66;-53;-34;-45;98;-5;87;-85;55;116;0.72;0.700042572268506
65;38;-32;115;-109;-112;85;-19;122;123;-112;-115;100;88;-66;-53;-34;-45;98;-5;87;-85;55;116;0.7;1
-41;75;114;29;-125;123;20;52;18;87;-93;-27;-59;-127;-4;68;54;-102;-26;92;-34;-122;-44;-49;1;0.000235674142858
-41;75;114;29;-125;123;20;52;18;87;-93;-27;-59;-127;-4;68;54;-102;-26;92;-34;-122;-44;-49;0.98;0.001185894747795
-41;75;114;29;-125;123;20;52;18;87;-93;-27;-59;-127;-4;68;54;-102;-26;92;-34;-122;-44;-49;0.96;0.003616582745521
-41;75;114;29;-125;123;20;52;18;87;-93;-27;-59;-127;-4;68;54;-102;-26;92;-34;-122;-44;-49;0.94;0.009321933564336
-41;75;114;29;-125;123;20;52;18;87;-93;-27;-59;-127;-4;68;54;-102;-26;92;-34;-122;-44;-49;0.92;0.01852552355592
-41;75;114;29;-125;123;20;52;18;87;-93;-27;-59;-127;-4;68;54;-102;-26;92;-34;-122;-44;-49;0.9;0.030318900944708
-41;75;114;29;-125;123;20;52;18;87;-93;-27;-59;-127;-4;68;54;-102;-26;92;-34;-122;-44;-49;0.88;0.046353715724631
-41;75;114;29;-125;123;20;52;18;87;-93;-27;-59;-127;-4;68;54;-102;-26;92;-34;-122;-44;-49;0.86;0.073939847731683
-41;75;114;29;-125;123;20;52;18;87;-93;-27;-59;-127;-4;68;54;-102;-26;92;-34;-122;-44;-49;0.84;0.13658500414608
-41;75;114;29;-125;123;20;52;18;87;-93;-27;-59;-127;-4;68;54;-102;-26;92;-34;-122;-44;-49;0.82;0.197729593949047
-41;75;114;29;-125;123;20;52;18;87;-93;-27;-59;-127;-4;68;54;-102;-26;92;-34;-122;-44;-49;0.8;0.260997311197118
-41;75;114;29;-125;123;20;52;18;87;-93;-27;-59;-127;-4;68;54;-102;-26;92;-34;-122;-44;-49;0.78;0.365115521791377
-41;75;114;29;-125;123;20;52;18;87;-93;-27;-59;-127;-4;68;54;-102;-26;92;-34;-122;-44;-49;0.76;0.471565522224585
-41;75;114;29;-125;123;20;52;18;87;-93;-27;-59;-127;-4;68;54;-102;-26;92;-34;-122;-44;-49;0.74;0.594198408375083
-41;75;114;29;-125;123;20;52;18;87;-93;-27;-59;-127;-4;68;54;-102;-26;92;-34;-122;-44;-49;0.72;0.791730371077231
-41;75;114;29;-125;123;20;52;18;87;-93;-27;-59;-127;-4;68;54;-102;-26;92;-34;-122;-44;-49;0.7;1
79;16;-2;46;101;8;-8;1;-105;-99;76;112;-106;73;44;113;-126;-44;54;-110;-16;38;65;58;1;0
79;16;-2;46;101;8;-8;1;-105;-99;76;112;-106;73;44;113;-126;-44;54;-110;-16;38;65;58;0.98;0.002593830440555
79;16;-2;46;101;8;-8;1;-105;-99;76;112;-106;73;44;113;-126;-44;54;-110;-16;38;65;58;0.96;0.00151306775699
79;16;-2;46;101;8;-8;1;-105;-99;76;112;-106;73;44;113;-126;-44;54;-110;-16;38;65;58;0.94;0.009105425609032
79;16;-2;46;101;8;-8;1;-105;-99;76;112;-106;73;44;113;-126;-44;54;-110;-16;38;65;58;0.92;0.009024368407764
79;16;-2;46;101;8;-8;1;-105;-99;76;112;-106;73;44;113;-126;-44;54;-110;-16;38;65;58;0.9;0.012118473762391
79;16;-2;46;101;8;-8;1;-105;-99;76;112;-106;73;44;113;-126;-44;54;-110;-16;38;65;58;0.88;0.023476191917055
79;16;-2;46;101;8;-8;1;-105;-99;76;112;-106;73;44;113;-126;-44;54;-110;-16;38;65;58;0.86;0.029999080211229
79;16;-2;46;101;8;-8;1;-105;-99;76;112;-106;73;44;113;-126;-44;54;-110;-16;38;65;58;0.84;0.039683252126444
79;16;-2;46;101;8;-8;1;-105;-99;76;112;-106;73;44;113;-126;-44;54;-110;-16;38;65;58;0.82;0.06018020270626
79;16;-2;46;101;8;-8;1;-105;-99;76;112;-106;73;44;113;-126;-44;54;-110;-16;38;65;58;0.8;0.083642528881366
79;16;-2;46;101;8;-8;1;-105;-99;76;112;-106;73;44;113;-126;-44;54;-110;-16;38;65;58;0.78;0.11984165713483
79;16;-2;46;101;8;-8;1;-105;-99;76;112;-106;73;44;113;-126;-44;54;-110;-16;38;65;58;0.76;0.192951209465222
79;16;-2;46;101;8;-8;1;-105;-99;76;112;-106;73;44;113;-126;-44;54;-110;-16;38;65;58;0.74;0.33305727204784
79;16;-2;46;101;8;-8;1;-105;-99;76;112;-106;73;44;113;-126;-44;54;-110;-16;38;65;58;0.72;0.561458298281402
79;16;-2;46;101;8;-8;1;-105;-99;76;112;-106;73;44;113;-126;-44;54;-110;-16;38;65;58;0.7;1
-110;33;-84;-117;87;119;61;-35;-17;72;-115;28;13;46;119;125;-36;13;-23;74;-67;-34;-34;100;1;0
-110;33;-84;-117;87;119;61;-35;-17;72;-115;28;13;46;119;125;-36;13;-23;74;-67;-34;-34;100;0.98;0.012254260473554
-110;33;-84;-117;87;119;61;-35;-17;72;-115;28;13;46;119;125;-36;13;-23;74;-67;-34;-34;100;0.96;0.005226705114387
-110;33;-84;-117;87;119;61;-35;-17;72;-115;28;13;46;119;125;-36;13;-23;74;-67;-34;-34;100;0.94;0.015650645591263
-110;33;-84;-117;87;119;61;-35;-17;72;-115;28;13;46;119;125;-36;13;-23;74;-67;-34;-34;100;0.92;0.084140420176455
-110;33;-84;-117;87;119;61;-35;-17;72;-115;28;13;46;119;125;-36;13;-23;74;-67;-34;-34;100;0.9;0.065427300349975
-110;33;-84;-117;87;119;61;-35;-17;72;-115;28;13;46;119;125;-36;13;-23;74;-67;-34;-34;100;0.88;0.111288835180163
-110;33;-84;-117;87;119;61;-35;-17;72;-115;28;13;46;119;125;-36;13;-23;74;-67;-34;-34;100;0.86;0.154823777672373
-110;33;-84;-117;87;119;61;-35;-17;72;-115;28;13;46;119;125;-36;13;-23;74;-67;-34;-34;100;0.84;0.1595363557543
-110;33;-84;-117;87;119;61;-35;-17;72;-115;28;13;46;119;125;-36;13;-23;74;-67;-34;-34;100;0.82;0.228082608370031
-110;33;-84;-117;87;119;61;-35;-17;72;-115;28;13;46;119;125;-36;13;-23;74;-67;-34;-34;100;0.8;0.235664374487461
-110;33;-84;-117;87;119;61;-35;-17;72;-115;28;13;46;119;125;-36;13;-23;74;-67;-34;-34;100;0.78;0.476750156842152
-110;33;-84;-117;87;119;61;-35;-17;72;-115;28;13;46;119;125;-36;13;-23;74;-67;-34;-34;100;0.76;0.478754236742157
-110;33;-84;-117;87;119;61;-35;-17;72;-115;28;13;46;119;125;-36;13;-23;74;-67;-34;-34;100;0.74;0.59018682078443
-110;33;-84;-117;87;119;61;-35;-17;72;-115;28;13;46;119;125;-36;13;-23;74;-67;-34;-34;100;0.72;0.740674837849618
-110;33;-84;-117;87;119;61;-35;-17;72;-115;28;13;46;119;125;-36;13;-23;74;-67;-34;-34;100;0.7;1
-36;107;81;70;-61;-11;-46;-9;67;61;-84;85;7;111;67;-100;58;10;116;-57;67;62;20;122;1;0.000201825099071
-36;107;81;70;-61;-11;-46;-9;67;61;-84;85;7;111;67;-100;58;10;116;-57;67;62;20;122;0.98;0.000201825099071
-36;107;81;70;-61;-11;-46;-9;67;61;-84;85;7;111;67;-100;58;10;116;-57;67;62;20;122;0.96;0
-36;107;81;70;-61;-11;-46;-9;67;61;-84;85;7;111;67;-100;58;10;116;-57;67;62;20;122;0.94;0
-36;107;81;70;-61;-11;-46;-9;67;61;-84;85;7;111;67;-100;58;10;116;-57;67;62;20;122;0.92;0
-36;107;81;70;-61;-11;-46;-9;67;61;-84;85;7;111;67;-100;58;10;116;-57;67;62;20;122;0.9;0
-36;107;81;70;-61;-11;-46;-9;67;61;-84;85;7;111;67;-100;58;10;116;-57;67;62;20;122;0.88;0
-36;107;81;70;-61;-11;-46;-9;67;61;-84;85;7;111;67;-100;58;10;116;-57;67;62;20;122;0.86;0.00085775667105
-36;107;81;70;-61;-11;-46;-9;67;61;-84;85;7;111;67;-100;58;10;116;-57;67;62;20;122;0.84;0.004137414530946
-36;107;81;70;-61;-11;-46;-9;67;61;-84;85;7;111;67;-100;58;10;116;-57;67;62;20;122;0.82;0.00710802770789
-36;107;81;70;-61;-11;-46;-9;67;61;-84;85;7;111;67;-100;58;10;116;-57;67;62;20;122;0.8;0.018325876671462
-36;107;81;70;-61;-11;-46;-9;67;61;-84;85;7;111;67;-100;58;10;116;-57;67;62;20;122;0.78;0.03942842521373
-36;107;81;70;-61;-11;-46;-9;67;61;-84;85;7;111;67;-100;58;10;116;-57;67;62;20;122;0.76;0.102644569568813
-36;107;81;70;-61;-11;-46;-9;67;61;-84;85;7;111;67;-100;58;10;116;-57;67;62;20;122;0.74;0.279504187824041
-36;107;81;70;-61;-11;-46;-9;67;61;-84;85;7;111;67;-100;58;10;116;-57;67;62;20;122;0.72;0.50851153452549
-36;107;81;70;-61;-11;-46;-9;67;61;-84;85;7;111;67;-100;58;10;116;-57;67;62;20;122;0.7;1
48;50;-57;-110;86;42;72;-89;36;114;-20;121;-65;72;110;-5;-23;38;-24;74;-94;110;96;105;1;0
48;50;-57;-110;86;42;72;-89;36;114;-20;121;-65;72;110;-5;-23;38;-24;74;-94;110;96;105;0.98;9.99736601131706E-05
48;50;-57;-110;86;42;72;-89;36;114;-20;121;-65;72;110;-5;-23;38;-24;74;-94;110;96;105;0.96;0.0013246509965
48;50;-57;-110;86;42;72;-89;36;114;-20;121;-65;72;110;-5;-23;38;-24;74;-94;110;96;105;0.94;0.001955734725964
48;50;-57;-110;86;42;72;-89;36;114;-20;121;-65;72;110;-5;-23;38;-24;74;-94;110;96;105;0.92;0.002313452978556
48;50;-57;-110;86;42;72;-89;36;114;-20;121;-65;72;110;-5;-23;38;-24;74;-94;110;96;105;0.9;0.006449863165739
48;50;-57;-110;86;42;72;-89;36;114;-20;121;-65;72;110;-5;-23;38;-24;74;-94;110;96;105;0.88;0.01133646632588
48;50;-57;-110;86;42;72;-89;36;114;-20;121;-65;72;110;-5;-23;38;-24;74;-94;110;96;105;0.86;0.022853744388605
48;50;-57;-110;86;42;72;-89;36;114;-20;121;-65;72;110;-5;-23;38;-24;74;-94;110;96;105;0.84;0.03752458611863
48;50;-57;-110;86;42;72;-89;36;114;-20;121;-65;72;110;-5;-23;38;-24;74;-94;110;96;105;0.82;0.052455051828789
48;50;-57;-110;86;42;72;-89;36;114;-20;121;-65;72;110;-5;-23;38;-24;74;-94;110;96;105;0.8;0.091106391864769
48;50;-57;-110;86;42;72;-89;36;114;-20;121;-65;72;110;-5;-23;38;-24;74;-94;110;96;105;0.78;0.129181351776198
48;50;-57;-110;86;42;72;-89;36;114;-20;121;-65;72;110;-5;-23;38;-24;74;-94;110;96;105;0.76;0.230157349428771
48;50;-57;-110;86;42;72;-89;36;114;-20;121;-65;72;110;-5;-23;38;-24;74;-94;110;96;105;0.74;0.371498588357199
48;50;-57;-110;86;42;72;-89;36;114;-20;121;-65;72;110;-5;-23;38;-24;74;-94;110;96;105;0.72;0.632301642549768
48;50;-57;-110;86;42;72;-89;36;114;-20;121;-65;72;110;-5;-23;38;-24;74;-94;110;96;105;0.7;1
56;-109;-78;53;27;64;28;120;-98;105;111;-73;105;76;-73;-7;-17;-28;31;-122;90;44;33;-10;1;0.000137707702338
56;-109;-78;53;27;64;28;120;-98;105;111;-73;105;76;-73;-7;-17;-28;31;-122;90;44;33;-10;0.98;0.000137707702338
56;-109;-78;53;27;64;28;120;-98;105;111;-73;105;76;-73;-7;-17;-28;31;-122;90;44;33;-10;0.96;0
56;-109;-78;53;27;64;28;120;-98;105;111;-73;105;76;-73;-7;-17;-28;31;-122;90;44;33;-10;0.94;0.008951000651998
56;-109;-78;53;27;64;28;120;-98;105;111;-73;105;76;-73;-7;-17;-28;31;-122;90;44;33;-10;0.92;0.003201704079369
56;-109;-78;53;27;64;28;120;-98;105;111;-73;105;76;-73;-7;-17;-28;31;-122;90;44;33;-10;0.9;0.007776181816424
56;-109;-78;53;27;64;28;120;-98;105;111;-73;105;76;-73;-7;-17;-28;31;-122;90;44;33;-10;0.88;0.017056389944325
56;-109;-78;53;27;64;28;120;-98;105;111;-73;105;76;-73;-7;-17;-28;31;-122;90;44;33;-10;0.86;0.028543686754627
56;-109;-78;53;27;64;28;120;-98;105;111;-73;105;76;-73;-7;-17;-28;31;-122;90;44;33;-10;0.84;0.046611569371092
56;-109;-78;53;27;64;28;120;-98;105;111;-73;105;76;-73;-7;-17;-28;31;-122;90;44;33;-10;0.82;0.05554871856475
56;-109;-78;53;27;64;28;120;-98;105;111;-73;105;76;-73;-7;-17;-28;31;-122;90;44;33;-10;0.8;0.073167252463409
56;-109;-78;53;27;64;28;120;-98;105;111;-73;105;76;-73;-7;-17;-28;31;-122;90;44;33;-10;0.78;0.120346096366863
56;-109;-78;53;27;64;28;120;-98;105;111;-73;105;76;-73;-7;-17;-28;31;-122;90;44;33;-10;0.76;0.203215615684454
56;-109;-78;53;27;64;28;120;-98;105;111;-73;105;76;-73;-7;-17;-28;31;-122;90;44;33;-10;0.74;0.298898131120753
56;-109;-78;53;27;64;28;120;-98;105;111;-73;105;76;-73;-7;-17;-28;31;-122;90;44;33;-10;0.72;0.545983454911031
56;-109;-78;53;27;64;28;120;-98;105;111;-73;105;76;-73;-7;-17;-28;31;-122;90;44;33;-10;0.7;1
-113;-114;73;-29;104;62;102;20;122;50;-92;-107;-84;72;-75;-43;62;-111;0;33;-58;28;101;90;1;0
-113;-114;73;-29;104;62;102;20;122;50;-92;-107;-84;72;-75;-43;62;-111;0;33;-58;28;101;90;0.98;0.000166956586391
-113;-114;73;-29;104;62;102;20;122;50;-92;-107;-84;72;-75;-43;62;-111;0;33;-58;28;101;90;0.96;0.000845217718607
-113;-114;73;-29;104;62;102;20;122;50;-92;-107;-84;72;-75;-43;62;-111;0;33;-58;28;101;90;0.94;0.007494785510979
-113;-114;73;-29;104;62;102;20;122;50;-92;-107;-84;72;-75;-43;62;-111;0;33;-58;28;101;90;0.92;0.015008484072759
-113;-114;73;-29;104;62;102;20;122;50;-92;-107;-84;72;-75;-43;62;-111;0;33;-58;28;101;90;0.9;0.038381917036938
-113;-114;73;-29;104;62;102;20;122;50;-92;-107;-84;72;-75;-43;62;-111;0;33;-58;28;101;90;0.88;0.059552397381739
-113;-114;73;-29;104;62;102;20;122;50;-92;-107;-84;72;-75;-43;62;-111;0;33;-58;28;101;90;0.86;0.091730296221394
-113;-114;73;-29;104;62;102;20;122;50;-92;-107;-84;72;-75;-43;62;-111;0;33;-58;28;101;90;0.84;0.124606434759085
-113;-114;73;-29;104;62;102;20;122;50;-92;-107;-84;72;-75;-43;62;-111;0;33;-58;28;101;90;0.82;0.167998397681426
-113;-114;73;-29;104;62;102;20;122;50;-92;-107;-84;72;-75;-43;62;-111;0;33;-58;28;101;90;0.8;0.23292031107705
-113;-114;73;-29;104;62;102;20;122;50;-92;-107;-84;72;-75;-43;62;-111;0;33;-58;28;101;90;0.78;0.301941757502572
-113;-114;73;-29;104;62;102;20;122;50;-92;-107;-84;72;-75;-43;62;-111;0;33;-58;28;101;90;0.76;0.422797951607991
-113;-114;73;-29;104;62;102;20;122;50;-92;-107;-84;72;-75;-43;62;-111;0;33;-58;28;101;90;0.74;0.533859003160724
-113;-114;73;-29;104;62;102;20;122;50;-92;-107;-84;72;-75;-43;62;-111;0;33;-58;28;101;90;0.72;0.753894964778454
-113;-114;73;-29;104;62;102;20;122;50;-92;-107;-84;72;-75;-43;62;-111;0;33;-58;28;101;90;0.7;1

